{
  "project_info": {
    "project_number": "545396954313",
    "project_id": "restaurantapp-11a80",
    "storage_bucket": "restaurantapp-11a80.appspot.com"
  },
  "client": [
    {
      "client_info": {
        "mobilesdk_app_id": "1:545396954313:android:4326ad077c37a4cf9ba918",
        "android_client_info": {
          "package_name": "com.example.restaurant_app"
        }
      },
      "oauth_client": [
        {
          "client_id": "545396954313-88fdj7gj7gdfm1ukg4s1o1iij0ha8f3t.apps.googleusercontent.com",
          "client_type": 3
        }
      ],
      "api_key": [
        {
          "current_key": "AIzaSyAs-9RwMKQfn3Ea-NT_FyrkX6_Sd0kfidA"
        }
      ],
      "services": {
        "appinvite_service": {
          "other_platform_oauth_client": [
            {
              "client_id": "545396954313-88fdj7gj7gdfm1ukg4s1o1iij0ha8f3t.apps.googleusercontent.com",
              "client_type": 3
            },
            {
              "client_id": "545396954313-7o59d1nus794hnvah2kcb6f6sqv9jg1p.apps.googleusercontent.com",
              "client_type": 2,
              "ios_info": {
                "bundle_id": "com.example.restaurantApp"
              }
            }
          ]
        }
      }
    }
  ],
  "configuration_version": "1"
}